Dataset,Mean Leverage,High Lev Count,Jaccard,Consistent
MADELON,0.0283846285061882,3,0.39776174442841106,3
ARCENE,0.5410742492461714,140,0.29071754385935955,12
