Dataset,n,d,Mean Leverage,High Lev Count,Jaccard,Consistent
MADELON,50,500,0.1949521671391745,1,0.19715269334197372,4
ARCENE,200,10000,0.5410742492461714,140,0.141941807543203,8
